Scenario,EmergencyMean,EmergencyStd,NormalMean,NormalStd,QueueMean,QueueStd
baseline,68.1,17.529689101635544,0.08159332871178224,0.006767023202865268,1.220161503095825,0.036546876468411565
low_demand,20.9,7.751773990513397,0.26426833393700633,0.030412128929415912,0.8486886926721484,0.02879008703362256
high_demand,400.5,117.18468329948244,0.04707374519426176,0.0026870281186480833,4.458437885425114,0.1758821297201059
emergency_stress,225.8,40.68611556784452,0.04594576357909572,0.00430487156860367,1.1280029842073203,0.08007315736467328
unseen,83.2,34.65775526487542,0.06492349872235992,0.004425916092321013,1.4058309841235412,0.04939099430745905
