Scenario,Base,Perturbed,DegradationPercent
baseline,68.1,67.02060553392394,-1.5850139002585215
low_demand,20.9,21.882620749592185,4.701534687043954
high_demand,400.5,432.62440606852107,8.021075173163812
emergency_stress,225.8,211.3399156923985,-6.403934591497566
unseen,83.2,84.01232358250208,0.97635045973807
