Scenario,Emergency,Normal,Queue
baseline,72.66666666666667,0.07115048062308603,1.4064492948890688
low_demand,26.333333333333332,0.17106129422216163,0.702601529235784
high_demand,970.0,0.0873662826224453,6.951698884560618
emergency_stress,348.0,0.10219452517020176,1.8370086407052062
unseen,163.66666666666666,0.07558622851912565,1.9410717892928693
