Scenario,Emergency,Normal,Queue
baseline,630.0,13.704156475192269,5.392685546856207
low_demand,19.666666666666668,6.066074569937867,1.403036181158602
high_demand,762.3333333333334,19.83165314121094,9.726483972741642
emergency_stress,929.6666666666666,5.939917152779447,2.9163709330327863
unseen,725.3333333333334,22.64123874305203,8.998589520797422
