Scenario,Base,Perturbed,Degradation%
baseline,306.6666666666667,128.0,-58.2608695652174
low_demand,15.666666666666666,15.0,-4.255319148936167
high_demand,916.3333333333334,721.0,-21.316842488177524
emergency_stress,438.3333333333333,1127.0,157.11026615969584
unseen,1051.0,596.0,-43.29210275927688
