Scenario,Emergency,Normal,Queue
baseline,20.0,0.08717709320715578,1.3095557561830409
low_demand,6.0,0.07272785060946509,0.5895689052985977
high_demand,122.33333333333333,0.029125734650744955,3.417073409888555
emergency_stress,232.0,0.1043924603298788,1.5078753212363012
unseen,24.0,0.07701993573715807,1.4682341056539094
