Scenario,Base,Perturbed,Degradation%
baseline,10.666666666666666,9.666666666666666,-9.375
low_demand,5.0,3.6666666666666665,-26.66666666666667
high_demand,350.3333333333333,172.0,-50.90390104662226
emergency_stress,40.333333333333336,45.0,11.570247933884291
unseen,15.666666666666666,6.0,-61.702127659574465
