Scenario,Emergency,Normal,Queue
baseline,19.0,0.0757834851548302,1.3836544280587537
low_demand,2.0,0.08563484633827363,0.5521554066592935
high_demand,77.0,0.06141821922379634,4.512023937366629
emergency_stress,73.66666666666667,0.1079461885217497,1.4939216574146539
unseen,6.0,0.0942679104982717,1.7306457702819458
